,Intersection place,Start intersection ID,End intersection ID,Name of the road segment,car,long vehicle,bus,Total vehicles,Distance (m),Distance (s),Distance with intersection (s),Travel duration prediction (Fjolla),Start Laitude,Start Longitude,End Laitude,End Longitude,Name of the lane in SUMO,Name of the edge lane in SUMO,Name of the road segment in OpenStreetMap
1,BillClinton,18,0,Lakrishte_BillClinton_Lakrishte,1,,,1,240,22,25,,42.65348173,21.14988207,42.654261,21.152657,,670507192#0,
2,BillClinton,18,0,Lakrishte_BillClinton_Santea,144,,5,149,240,22,25,,42.65348173,21.14988207,42.654261,21.152657,,670507192#0,
3,BillClinton,18,0,Lakrishte_BillClinton_Tuneli,37,,1,38,240,22,25,,42.65348173,21.14988207,42.654261,21.152657,,670507192#0,
4,BillClinton,18,0,Lakrishte_BillClinton_ShtjefenGjeqovi,37,1,,38,240,22,25,,42.65348173,21.14988207,42.654261,21.152657,,670507192#0,
5,BillClinton,1,0,Santea_BillClinton_Santea,6,,,6,280,26,29,,42.655118,21.155765,42.654261,21.152657,,732183921#2,
6,BillClinton,1,0,Santea_BillClinton_Lakrishte,134,1,7,142,280,26,29,,42.655118,21.155765,42.654261,21.152657,,732059549#1,
7,BillClinton,1,0,Santea_BillClinton_ShtjefenGjeqovi,18,,,18,280,26,29,,42.655118,21.155765,42.654261,21.152657,,732059549#1,
8,BillClinton,1,0,Santea_BillClinton_Tuneli,28,,,28,280,26,29,,42.655118,21.155765,42.654261,21.152657,,732059549#1,
9,BillClinton,25,0,Tuneli_BillClinton_ShtjefenGjeqovi,10,,,10,70,7,10,,42.653691,21.15296,42.654261,21.152657,,670325712#1,
10,BillClinton,25,0,Tuneli_BillClinton_Lakrishte,22,,,22,70,7,10,,42.653691,21.15296,42.654261,21.152657,,670325712#1,
11,BillClinton,25,0,Tuneli_BillClinton_Santea,17,,,17,70,7,10,,42.653691,21.15296,42.654261,21.152657,,670325712#1,
12,BillClinton,26,0,ShtjefenGjeqovi_BillClinton_Tuneli,18,,,18,60,6,9,,42.654629,21.152283,42.654261,21.152657,,172825275#2,
13,BillClinton,26,0,ShtjefenGjeqovi_BillClinton_Santea,7,,,7,60,6,9,,42.654629,21.152283,42.654261,21.152657,,172825275#2,
14,BillClinton,26,0,ShtjefenGjeqovi_BillClinton_Lakrishte,29,,,29,60,6,9,,42.654629,21.152283,42.654261,21.152657,,172825275#2,
15,BillClinton,0,25,BillClinton_Tuneli,,,,0,70,7,10,,42.654261,21.152657,42.653691,21.15296,,670507193#2,
16,BillClinton,0,26,BillClinton_ShtjefenGjeqovi,,,,0,60,6,9,,42.654261,21.152657,42.654629,21.152283,,-172825275#3,
17,Santea,0,1,BillClinton_Santea_BillClinton,3,,,3,280,26,29,,42.654261,21.152657,42.655118,21.155765,,,
18,Santea,0,1,BillClinton_Santea_RobertDoll,50,,1,51,280,26,29,,42.654261,21.152657,42.655118,21.155765,,732059549#1,
19,Santea,0,1,BillClinton_Santea_Katedralja,128,,4,132,280,26,29,,42.654261,21.152657,42.655118,21.155765,,732059549#1,
20,Santea,27,1,RobertDoll_Santea_Katedralja,62,1,3,66,90,9,12,,42.655878,21.155342,42.655118,21.155765,,47120917#5,
21,Santea,27,1,RobertDoll_Santea_BillClinton,60,,3,63,90,9,12,,42.655878,21.155342,42.655118,21.155765,,47120917#5,
22,Santea,2,1,Katedralja_Santea_BillClinton,140,,2,142,350,32,35,,42.655576,21.159651,42.655118,21.155765,,670754367#0,
23,Santea,2,1,Katedralja_Santea_RobertDoll,101,,2,103,350,32,35,,42.655576,21.159651,42.655118,21.155765,,670754367#0,
24,Santea,1,27,Santea_RobertDoll,,,,0,90,9,12,,42.655118,21.155765,42.655878,21.155342,,-47120917#5,
25,Katedralja,1,2,Santea_Katedralja_Santea,25,,,25,350,32,35,,42.655118,21.155765,42.655576,21.159651,,322292822#2,
26,Katedralja,1,2,Santea_Katedralja_Parking,1,,,1,350,32,35,,42.655118,21.155765,42.655576,21.159651,,322292822#2,
27,Katedralja,1,2,Santea_Katedralja_Menza,124,,3,127,350,32,35,,42.655118,21.155765,42.655576,21.159651,,322292822#2,
28,Katedralja,1,2,Santea_Katedralja_PTK,60,1,4,65,350,32,35,,42.655118,21.155765,42.655576,21.159651,,322292822#2,
29,Katedralja,12,2,PTK_Katedralja_PTK,7,,,7,500,45,48,,42.651219,21.158474,42.655576,21.159651,,670467975,
30,Katedralja,12,2,PTK_Katedralja_Santea,79,,2,81,500,45,48,,42.651219,21.158474,42.655576,21.159651,,670467975,
31,Katedralja,12,2,PTK_Katedralja_Parking,2,,,2,500,45,48,,42.651219,21.158474,42.655576,21.159651,,670467975,
32,Katedralja,12,2,PTK_Katedralja_Menza,44,,2,46,500,45,48,,42.651219,21.158474,42.655576,21.159651,,670467975,
33,Katedralja,16,2,Menza_Katedralja_Menza,1,,,1,350,32,35,,42.654922,21.164106,42.655576,21.159651,,420729272#0,
34,Katedralja,16,2,Menza_Katedralja_PTK,35,,2,37,350,32,35,,42.654922,21.164106,42.655576,21.159651,,420729272#0,
35,Katedralja,16,2,Menza_Katedralja_Santea,137,,,137,350,32,35,,42.654922,21.164106,42.655576,21.159651,,420729272#0,
36,Katedralja,16,2,Menza_Katedralja_Parking,0,,,0,350,32,35,,42.654922,21.164106,42.655576,21.159651,,420729272#0,
37,Katedralja,71,2,Parking_Katedralja_Parking,0,,,0,80,8,11,,42.65593167,21.1598503,42.655576,21.159651,,,
38,Katedralja,71,2,Parking_Katedralja_Menza,0,,,0,80,8,11,,42.65593167,21.1598503,42.655576,21.159651,,,
39,Katedralja,71,2,Parking_Katedralja_PTK,2,,,2,80,8,11,,42.65593167,21.1598503,42.655576,21.159651,,,
40,Katedralja,71,2,Parking_Katedralja_Santea,1,,,1,80,8,11,,42.65593167,21.1598503,42.655576,21.159651,,,
41,Katedralja,2,71,Katedralja_Parking,,,,0,80,8,11,,42.655576,21.159651,42.65593167,21.1598503,,,
42,Teknik,16,3,Menza_Teknik_Menza,0,,,0,550,50,53,,42.654922,21.164106,42.650273,21.16483,,670227237#0,
43,Teknik,16,3,Menza_Teknik_Qerimi,17,,1,18,550,50,53,,42.654922,21.164106,42.650273,21.16483,,670227225#0,
44,Teknik,16,3,Menza_Teknik_RrugaB,43,,,43,550,50,53,,42.654922,21.164106,42.650273,21.16483,,670227225#0,
45,Teknik,16,3,Menza_Teknik_FehmiLladrovci,83,,1,84,550,50,53,,42.654922,21.164106,42.650273,21.16483,,670227225#0,
46,Teknik,28,3,FehmiLladrovci_Teknik_FehmiLladrovci,0,,,0,170,16,19,,42.648902,21.163795,42.650273,21.16483,,,
47,Teknik,28,3,FehmiLladrovci_Teknik_Menza,85,3,,88,170,16,19,,42.648902,21.163795,42.650273,21.16483,,668979846,
48,Teknik,28,3,FehmiLladrovci_Teknik_Qerimi,50,1,2,53,170,16,19,,42.648902,21.163795,42.650273,21.16483,,668979846,
49,Teknik,28,3,FehmiLladrovci_Teknik_RrugaB,18,1,,19,170,16,19,,42.648902,21.163795,42.650273,21.16483,,668979846,
50,Teknik,5,3,RrugaB_Teknik_RrugaB,0,,,0,700,63,66,,42.649013,21.17265,42.650273,21.16483,,669006602#0,
51,Teknik,5,3,RrugaB_Teknik_FehmiLladrovci,25,,,25,700,63,66,,42.649013,21.17265,42.650273,21.16483,,670029695,
52,Teknik,5,3,RrugaB_Teknik_Menza,41,,1,42,700,63,66,,42.649013,21.17265,42.650273,21.16483,,670029695,
53,Teknik,5,3,RrugaB_Teknik_Qerimi,3,,,3,700,63,66,,42.649013,21.17265,42.650273,21.16483,,670029695,
54,Teknik,4,3,Qerimi_Teknik_Qerimi,0,,,0,500,45,48,,42.654076,21.167687,42.650273,21.16483,,810297600#0,
55,Teknik,4,3,Qerimi_Teknik_RrugaB,4,,,4,500,45,48,,42.654076,21.167687,42.650273,21.16483,,810297600#0,
56,Teknik,4,3,Qerimi_Teknik_FehmiLladrovci,38,,2,40,500,45,48,,42.654076,21.167687,42.650273,21.16483,,810297600#0,
57,Teknik,4,3,Qerimi_Teknik_Menza,3,,,3,500,45,48,,42.654076,21.167687,42.650273,21.16483,,810297600#0,
58,Teknik,3,28,Teknik_FehmiLladrovci,,,,0,170,16,19,,42.650273,21.16483,42.648902,21.163795,,741171106#0,
59,Qerimi,16,4,Menza_Qerimi_Menza,0,,,0,300,27,30,,42.654922,21.164106,42.654076,21.167687,,672144716,
60,Qerimi,16,4,Menza_Qerimi_HajrullahAbdullahu,4,,,4,300,27,30,,42.654922,21.164106,42.654076,21.167687,,672144716,
61,Qerimi,16,4,Menza_Qerimi_EnverMaloku,53,,,53,300,27,30,,42.654922,21.164106,42.654076,21.167687,,672144716,
62,Qerimi,16,4,Menza_Qerimi_Teknik,31,,,31,300,27,30,,42.654922,21.164106,42.654076,21.167687,,672144716,
63,Qerimi,3,4,Teknik_Qerimi_Teknik,0,,,0,500,45,48,,42.650273,21.16483,42.654076,21.167687,,,
64,Qerimi,3,4,Teknik_Qerimi_Menza,27,,,27,500,45,48,,42.650273,21.16483,42.654076,21.167687,,668981623#4,
65,Qerimi,3,4,Teknik_Qerimi_HajrullahAbdullahu,5,,,5,500,45,48,,42.650273,21.16483,42.654076,21.167687,,668981623#4,
66,Qerimi,3,4,Teknik_Qerimi_EnverMaloku,42,,3,45,500,45,48,,42.650273,21.16483,42.654076,21.167687,,668981623#4,
67,Qerimi,30,4,EnverMaloku_Qerimi_EnverMaloku,0,,,0,95,9,12,,42.653367,21.168253,42.654076,21.167687,,,
68,Qerimi,30,4,EnverMaloku_Qerimi_Teknik,44,,1,45,95,9,12,,42.653367,21.168253,42.654076,21.167687,,640943482#0,
69,Qerimi,30,4,EnverMaloku_Qerimi_Menza,108,,,108,95,9,12,,42.653367,21.168253,42.654076,21.167687,,640943482#0,
70,Qerimi,30,4,EnverMaloku_Qerimi_HajrullahAbdullahu,10,,,10,95,9,12,,42.653367,21.168253,42.654076,21.167687,,640943482#0,
71,Qerimi,4,29,Qerimi_HajrullahAbdullahu,,,,0,80,8,11,,42.654076,21.167687,42.654638,21.168288,,672144730,
72,Qerimi,4,30,Qerimi_EnverMaloku,,,,0,95,9,12,,42.654076,21.167687,42.653367,21.168253,,294952098,
73,Rruga B,3,5,Teknik_RrugaB_Teknik,6,,,6,700,63,66,,42.650273,21.16483,42.649013,21.17265,,670029696,
74,Rruga B,3,5,Teknik_RrugaB_MaxiMarket,53,,2,55,700,63,66,,42.650273,21.16483,42.649013,21.17265,,670029696,
75,Rruga B,3,5,Teknik_RrugaB_BibajSport,21,,,21,700,63,66,,42.650273,21.16483,42.649013,21.17265,,670029696,
76,Rruga B,32,5,BibajSport_RrugaB_Teknik,28,,,28,130,12,15,,42.648009,21.171872,42.649013,21.17265,,233495978#0,
77,Rruga B,32,5,BibajSport_RrugaB_MaxiMarket,86,5,,91,130,12,15,,42.648009,21.171872,42.649013,21.17265,,233495978#0,
78,Rruga B,31,5,MaxiMarket_RrugaB_BibajSport,101,4,,105,190,18,21,,42.650404,21.174087,42.649013,21.17265,,233495995#0,
79,Rruga B,31,5,MaxiMarket_RrugaB_Teknik,26,,2,28,190,18,21,,42.650404,21.174087,42.649013,21.17265,,233495995#0,
80,Rruga B,5,31,RrugaB_MaxiMarket,,,,0,190,18,21,,42.649013,21.17265,42.650404,21.174087,,670238024#0,
81,Rruga B,5,32,RrugaB_BibajSport,,,,0,130,12,15,,42.649013,21.17265,42.648009,21.171872,,233495995#2,
82,MAShTI,16,6,Menza_MAShTI_Menza,2,,,2,500,45,48,,42.654922,21.164106,42.659137,21.164555,,144928692#2,
83,MAShTI,16,6,Menza_MAShTI_FakultetiEkonomik,1,,,1,500,45,48,,42.654922,21.164106,42.659137,21.164555,,144928692#2,
84,MAShTI,16,6,Menza_MAShTI_Parlamenti,99,2,6,107,500,45,48,,42.654922,21.164106,42.659137,21.164555,,144928692#2,
85,MAShTI,16,6,Menza_MAShTI_KarlGega,18,,,18,500,45,48,,42.654922,21.164106,42.659137,21.164555,,144928692#2,
86,MAShTI,33,6,KarlGega_MAShTI_Menza,11,,,11,55,5,8,,42.65908,21.165188,42.659137,21.164555,,-41897891#2,
87,MAShTI,33,6,KarlGega_MAShTI_FakultetiEkonomik,1,,,1,55,5,8,,42.65908,21.165188,42.659137,21.164555,,-41897891#2,
88,MAShTI,33,6,KarlGega_MAShTI_Parlamenti,42,,,42,55,5,8,,42.65908,21.165188,42.659137,21.164555,,-41897891#2,
89,MAShTI,7,6,Parlamenti_MAShTI_Parlamenti,10,,,10,750,68,71,,42.665671,21.165193,42.659137,21.164555,,669157819#0,
90,MAShTI,7,6,Parlamenti_MAShTI_KarlGega,30,,,30,750,68,71,,42.665671,21.165193,42.659137,21.164555,,669157819#0,
91,MAShTI,7,6,Parlamenti_MAShTI_Menza,152,1,6,159,750,68,71,,42.665671,21.165193,42.659137,21.164555,,669157819#0,
92,MAShTI,7,6,Parlamenti_MAShTI_FakultetiEkonomik,2,,,2,750,68,71,,42.665671,21.165193,42.659137,21.164555,,669157819#0,
93,MAShTI,34,6,FakultetiEkonomik_MAShTI_Parlamenti,0,,,0,160,15,18,,42.65938,21.163365,42.659137,21.164555,,-4854682#1,
94,MAShTI,34,6,FakultetiEkonomik_MAShTI_KarlGega,0,,,0,160,15,18,,42.65938,21.163365,42.659137,21.164555,,-4854682#1,
95,MAShTI,34,6,FakultetiEkonomik_MAShTI_Menza,0,,,0,160,15,18,,42.65938,21.163365,42.659137,21.164555,,-4854682#1,
96,MAShTI,6,33,MAShTI_KarlGega,,,,0,55,5,8,,42.659137,21.164555,42.65908,21.165188,,41897891#1,
97,MAShTI,6,34,MAShTI_FakultetiEkonomik,,,,0,160,15,18,,42.659137,21.164555,42.65938,21.163365,,4854682#0,
98,Parlamenti,8,7,XhamiaLlapitTregu_Parlamenti_IbrahimLutfiu,38,0,2,40,400,36,39,,42.669042,21.163723,42.665671,21.165193,,670811726#0,
99,Parlamenti,8,7,XhamiaLlapitTregu_Parlamenti_MAShTI,90,0,1,91,400,36,39,,42.669042,21.163723,42.665671,21.165193,,670811726#0,
100,Parlamenti,6,7,MAShTI_Parlamenti_XhamiaLlapitTregu,99,0,4,103,750,68,71,,42.659137,21.164555,42.665671,21.165193,,671575266#2,
101,Parlamenti,6,7,MAShTI_Parlamenti_IbrahimLutfiu,29,1,0,30,750,68,71,,42.659137,21.164555,42.665671,21.165193,,671575266#2,
102,Parlamenti,35,7,IbrahimLutfiu_Parlamenti_MAShTI,40,0,0,40,70,7,10,,42.665902,21.165943,42.665671,21.165193,,670811719#0,
103,Parlamenti,35,7,IbrahimLutfiu_Parlamenti_XhamiaLlapitTregu,48,0,1,49,70,7,10,,42.665902,21.165943,42.665671,21.165193,,670811719#0,
104,Parlamenti,7,35,Parlamenti_IbrahimLutfiu,,,,0,70,7,10,,42.665671,21.165193,42.665902,21.165943,,-670811719#1,
105,Xhamia Llapit Tregu,7,8,Parlamenti_XhamiaLlapitTregu_LidhjaPrizrenit,12,0,0,12,400,36,39,,42.665671,21.165193,42.669042,21.163723,,670083490#1,
106,Xhamia Llapit Tregu,7,8,Parlamenti_XhamiaLlapitTregu_XhamiaLlapit,58,2,2,62,400,36,39,,42.665671,21.165193,42.669042,21.163723,,670083490#1,
107,Xhamia Llapit Tregu,7,8,Parlamenti_XhamiaLlapitTregu_MetoBajraktari,16,0,1,17,400,36,39,,42.665671,21.165193,42.669042,21.163723,,670083490#1,
108,Xhamia Llapit Tregu,36,8,LidhjaPrizrenit_XhamiaLlapitTregu_XhamiaLlapit,8,,,8,70,7,10,,42.668669,21.16308,42.669042,21.163723,,-670083489,
109,Xhamia Llapit Tregu,36,8,LidhjaPrizrenit_XhamiaLlapitTregu_MetoBajraktari,15,,,15,70,7,10,,42.668669,21.16308,42.669042,21.163723,,-670083489,
110,Xhamia Llapit Tregu,36,8,LidhjaPrizrenit_XhamiaLlapitTregu_Parlamenti,3,,,3,70,7,10,,42.668669,21.16308,42.669042,21.163723,,-670083489,
111,Xhamia Llapit Tregu,37,8,MetoBajraktari_XhamiaLlapitTregu_Parlamenti,22,,,22,60,6,9,,42.669293,21.16437,42.669042,21.163723,,665263711#3,
112,Xhamia Llapit Tregu,37,8,MetoBajraktari_XhamiaLlapitTregu_LidhjaPrizrenit,19,,1,20,60,6,9,,42.669293,21.16437,42.669042,21.163723,,665263711#3,
113,Xhamia Llapit Tregu,37,8,MetoBajraktari_XhamiaLlapitTregu_XhamiaLlapit,5,,,5,60,6,9,,42.669293,21.16437,42.669042,21.163723,,665263711#3,
114,Xhamia Llapit Tregu,9,8,XhamiaLlapit_XhamiaLlapitTregu_MetoBajraktari,4,,,4,300,27,30,,42.671376,21.161779,42.669042,21.163723,,-670083488#0,
115,Xhamia Llapit Tregu,9,8,XhamiaLlapit_XhamiaLlapitTregu_Parlamenti,90,1,1,92,300,27,30,,42.671376,21.161779,42.669042,21.163723,,-670083488#0,
116,Xhamia Llapit Tregu,9,8,XhamiaLlapit_XhamiaLlapitTregu_LidhjaPrizrenit,15,,,15,300,27,30,,42.671376,21.161779,42.669042,21.163723,,-670083488#0,
117,Xhamia Llapit Tregu,8,36,XhamiaLlapitTregu_LidhjaPrizrenit,,,,0,70,7,10,,42.669042,21.163723,42.668669,21.16308,,670083489,
118,Xhamia Llapit Tregu,8,37,XhamiaLlapitTregu_MetoBajraktari,,,,0,60,6,9,,42.669042,21.163723,42.669293,21.16437,,-665263711#3,
119,Xhamia Llapit,8,9,XhamiaLlapitTregu_XhamiaLlapit_LidhjaLezhes,3,,,3,300,27,30,,42.669042,21.163723,42.671376,21.161779,,135256564#0,
120,Xhamia Llapit,8,9,XhamiaLlapitTregu_XhamiaLlapit_Tjegullorja,6,,1,7,300,27,30,,42.669042,21.163723,42.671376,21.161779,,135256564#0,
121,Xhamia Llapit,8,9,XhamiaLlapitTregu_XhamiaLlapit_VellezeritFazliu,53,,3,56,300,27,30,,42.669042,21.163723,42.671376,21.161779,,135256564#0,
122,Xhamia Llapit,8,9,XhamiaLlapitTregu_XhamiaLlapit_Makovc,16,,1,17,300,27,30,,42.669042,21.163723,42.671376,21.161779,,135256564#0,
123,Xhamia Llapit,39,9,LidhjaLezhes_XhamiaLlapit_Tjegullorja,1,1,,2,65,6,9,,42.671112,21.161126,42.671376,21.161779,,50304066#0,
124,Xhamia Llapit,39,9,LidhjaLezhes_XhamiaLlapit_VellezeritFazliu,5,,,5,65,6,9,,42.671112,21.161126,42.671376,21.161779,,50304066#0,
125,Xhamia Llapit,39,9,LidhjaLezhes_XhamiaLlapit_Makovc,8,,,8,65,6,9,,42.671112,21.161126,42.671376,21.161779,,50304066#0,
126,Xhamia Llapit,39,9,LidhjaLezhes_XhamiaLlapit_XhamiaLlapitTregu,5,,,5,65,6,9,,42.671112,21.161126,42.671376,21.161779,,50304066#0,
127,Xhamia Llapit,11,9,Tjegullorja_XhamiaLlapit_VellezeritFazliu,17,1,,18,550,50,53,,42.669213,21.158287,42.671376,21.161779,,665275599,
128,Xhamia Llapit,11,9,Tjegullorja_XhamiaLlapit_Makovc,7,,,7,550,50,53,,42.669213,21.158287,42.671376,21.161779,,665275599,
129,Xhamia Llapit,11,9,Tjegullorja_XhamiaLlapit_XhamiaLlapitTregu,13,,,13,550,50,53,,42.669213,21.158287,42.671376,21.161779,,665275599,
130,Xhamia Llapit,11,9,Tjegullorja_XhamiaLlapit_LidhjaLezhes,2,,,2,550,50,53,,42.669213,21.158287,42.671376,21.161779,,665275599,
131,Xhamia Llapit,40,9,VellezeritFazliu_XhamiaLlapit_Makovc,0,,,0,170,16,19,,42.672308,21.163443,42.671376,21.161779,,-470279439#1,
132,Xhamia Llapit,40,9,VellezeritFazliu_XhamiaLlapit_XhamiaLlapitTregu,54,,2,56,170,16,19,,42.672308,21.163443,42.671376,21.161779,,-470279439#1,
133,Xhamia Llapit,40,9,VellezeritFazliu_XhamiaLlapit_LidhjaLezhes,4,,,4,170,16,19,,42.672308,21.163443,42.671376,21.161779,,-470279439#1,
134,Xhamia Llapit,40,9,VellezeritFazliu_XhamiaLlapit_Tjegullorja,30,,,30,170,16,19,,42.672308,21.163443,42.671376,21.161779,,-470279439#1,
135,Xhamia Llapit,38,9,Makovc_XhamiaLlapit_XhamiaLlapitTregu,10,,1,11,100,9,12,,42.671771,21.162769,42.671376,21.161779,,-670075061#1,
136,Xhamia Llapit,38,9,Makovc_XhamiaLlapit_LidhjaLezhes,2,,,2,100,9,12,,42.671771,21.162769,42.671376,21.161779,,-670075061#1,
137,Xhamia Llapit,38,9,Makovc_XhamiaLlapit_Tjegullorja,13,,,13,100,9,12,,42.671771,21.162769,42.671376,21.161779,,-670075061#1,
138,Xhamia Llapit,38,9,Makovc_XhamiaLlapit_VellezeritFazliu,0,,,0,100,9,12,,42.671771,21.162769,42.671376,21.161779,,-670075061#1,
139,Xhamia Llapit,9,38,XhamiaLlapit_Makovc,,,,0,100,9,12,,42.671376,21.161779,42.671771,21.162769,,670075061#0,
140,Xhamia Llapit,9,39,XhamiaLlapit_LidhjaLezhes,,,,0,65,6,9,,42.671376,21.161779,42.671112,21.161126,,-50304066#1,
141,Xhamia Llapit,9,40,XhamiaLlapit_VellezeritFazliu,,,,0,170,16,19,,42.671376,21.161779,42.672308,21.163443,,470279439#0,
142,Vranjefc,41,10,IsmetKrasniqi_Vranjefc_AzizZhilivoda,2,,,2,60,6,9,,42.688048,21.158926,42.688585,21.158899,,,
143,Vranjefc,41,10,IsmetKrasniqi_Vranjefc_Bardhosh,79,3,2,84,60,6,9,,42.688048,21.158926,42.688585,21.158899,,677925089#0,
144,Vranjefc,43,10,AzizZhilivoda_Vranjefc_Bardhosh,3,,,3,40,4,7,,42.688636,21.158465,42.688585,21.158899,,-E0,
145,Vranjefc,43,10,AzizZhilivoda_Vranjefc_IsmetKrasniqi,0,,,0,40,4,7,,42.688636,21.158465,42.688585,21.158899,,-E0,
146,Vranjefc,42,10,Bardhosh_Vranjefc_IsmetKrasniqi,103,1,2,106,50,5,8,,42.689035,21.158963,42.688585,21.158899,,-677925089#3,
147,Vranjefc,42,10,Bardhosh_Vranjefc_AzizZhilivoda,0,,,0,50,5,8,,42.689035,21.158963,42.688585,21.158899,,,
148,Vranjefc,10,41,Vranjefc_IsmetKrasniqi,,,,0,60,6,9,,42.688585,21.158899,42.688048,21.158926,,-677925089#1,
149,Vranjefc,10,42,Vranjefc_Bardhosh,,,,0,50,5,8,,42.688585,21.158899,42.689035,21.158963,,677925089#2,
150,Vranjefc,10,43,Vranjefc_AzizZhilivoda,,,,0,40,4,7,,42.688585,21.158899,42.688636,21.158465,,,
151,Tjegullorja,9,11,XhamiaLlapit_Tjegullorja_Vushtrria,1,,,1,550,50,53,,42.671376,21.161779,42.669213,21.158287,,-665275599,
152,Tjegullorja,9,11,XhamiaLlapit_Tjegullorja_Zagrebi,57,2,,59,550,50,53,,42.671376,21.161779,42.669213,21.158287,,-665275599,
153,Tjegullorja,9,11,XhamiaLlapit_Tjegullorja_Plava,11,,,11,550,50,53,,42.671376,21.161779,42.669213,21.158287,,-665275599,
154,Tjegullorja,44,11,Zagrebi_Tjegullorja_Plava,9,,,9,60,6,9,,42.668727,21.157932,42.669213,21.158287,,4854667#1,
155,Tjegullorja,44,11,Zagrebi_Tjegullorja_XhamiaLlapit,40,,,40,60,6,9,,42.668727,21.157932,42.669213,21.158287,,4854667#1,
156,Tjegullorja,44,11,Zagrebi_Tjegullorja_Vushtrria,9,,,9,60,6,9,,42.668727,21.157932,42.669213,21.158287,,4854667#1,
157,Tjegullorja,46,11,Plava_Tjegullorja_XhamiaLlapit,3,,,3,50,5,8,,42.669441,21.157807,42.669213,21.158287,,50303903#7,
158,Tjegullorja,46,11,Plava_Tjegullorja_Vushtrria,22,,,22,50,5,8,,42.669441,21.157807,42.669213,21.158287,,50303903#7,
159,Tjegullorja,46,11,Plava_Tjegullorja_Zagrebi,14,,,14,50,5,8,,42.669441,21.157807,42.669213,21.158287,,50303903#7,
160,Tjegullorja,45,11,Vushtrria_Tjegullorja_Zagrebi,12,,,12,40,4,7,,42.669046,21.15873,42.669213,21.158287,,-665275598#0,
161,Tjegullorja,45,11,Vushtrria_Tjegullorja_Plava,8,,,8,40,4,7,,42.669046,21.15873,42.669213,21.158287,,-665275598#0,
162,Tjegullorja,45,11,Vushtrria_Tjegullorja_XhamiaLlapit,2,,,2,40,4,7,,42.669046,21.15873,42.669213,21.158287,,-665275598#0,
163,Tjegullorja,11,44,Tjegullorja_Zagrebi,,,,0,60,6,9,,42.669213,21.158287,42.668727,21.157932,,-4854667#1,
164,Tjegullorja,11,45,Tjegullorja_Vushtrria,,,,0,40,4,7,,42.669213,21.158287,42.669046,21.15873,,665275598#0,
165,Tjegullorja,11,46,Tjegullorja_Plava,,,,0,50,5,8,,42.669213,21.158287,42.669441,21.157807,,-50303903#7,
166,PTK,2,12,Katedralja_PTK_Katedralja,4,,,4,500,45,48,,42.655576,21.159651,42.651219,21.158474,,4854654#1,
167,PTK,2,12,Katedralja_PTK_ImzotNikeprela,15,,,15,500,45,48,,42.655576,21.159651,42.651219,21.158474,,4854654#1,
168,PTK,2,12,Katedralja_PTK_BulevardiDK,55,,4,59,500,45,48,,42.655576,21.159651,42.651219,21.158474,,4854654#1,
169,PTK,2,12,Katedralja_PTK_28Nentori,13,,,13,500,45,48,,42.655576,21.159651,42.651219,21.158474,,4854654#1,
170,PTK,48,12,BulevardiDK_PTK_BulevardiDK,0,,,0,110,10,13,,42.650248,21.158273,42.651219,21.158474,,,
171,PTK,48,12,BulevardiDK_PTK_28Nentori,13,,,13,110,10,13,,42.650248,21.158273,42.651219,21.158474,,106654240#3,
172,PTK,48,12,BulevardiDK_PTK_Katedralja,80,,5,85,110,10,13,,42.650248,21.158273,42.651219,21.158474,,106654240#3,
173,PTK,48,12,BulevardiDK_PTK_ImzotNikeprela,17,,,17,110,10,13,,42.650248,21.158273,42.651219,21.158474,,106654240#3,
174,PTK,47,12,ImzotNikeprela_PTK_BulevardiDK,8,,,8,60,6,9,,42.650986,21.158937,42.651219,21.158474,,670254874#0,
175,PTK,47,12,ImzotNikeprela_PTK_28Nentori,17,,,17,60,6,9,,42.650986,21.158937,42.651219,21.158474,,670254874#0,
176,PTK,47,12,ImzotNikeprela_PTK_Katedralja,20,,,20,60,6,9,,42.650986,21.158937,42.651219,21.158474,,670254874#0,
177,PTK,49,12,28Nentori_PTK_Katedralja,14,,,14,100,9,12,,42.65066,21.157752,42.651219,21.158474,,219774027#0,
178,PTK,49,12,28Nentori_PTK_ImzotNikeprela,15,,,15,100,9,12,,42.65066,21.157752,42.651219,21.158474,,219774027#0,
179,PTK,49,12,28Nentori_PTK_BulevardiDK,15,,,15,100,9,12,,42.65066,21.157752,42.651219,21.158474,,219774027#0,
180,PTK,12,47,PTK_ImzotNikeprela,,,,0,60,6,9,,42.651219,21.158474,42.650986,21.158937,,670254873#1,
181,PTK,12,49,PTK_28Nentori,,,,0,60,6,9,,42.651219,21.158474,42.65066,21.157752,,670078245#0,
182,PTK,12,48,PTK_BulevardiDK,,,,0,110,10,13,,42.651219,21.158474,42.650248,21.158273,,E0,
183,Lulishtja,51,13,UCK_Lulishtja_FehmiAgani,4,,,4,100,9,12,,42.665343,21.15749,42.665266,21.156275,,-670783764#2,
184,Lulishtja,51,13,UCK_Lulishtja_Tirana,80,,,80,100,9,12,,42.665343,21.15749,42.665266,21.156275,,-670783764#2,
185,Lulishtja,51,13,UCK_Lulishtja_KolegjiRiinvest,9,,,9,100,9,12,,42.665343,21.15749,42.665266,21.156275,,-670783764#2,
186,Lulishtja,53,13,Tirana_Lulishtja_KolegjiRiinvest,22,1,,23,80,8,11,,42.6649,21.155519,42.665266,21.156275,,-499730154,
187,Lulishtja,53,13,Tirana_Lulishtja_UCK,56,1,,57,80,8,11,,42.6649,21.155519,42.665266,21.156275,,-499730154,
188,Lulishtja,53,13,Tirana_Lulishtja_FehmiAgani,33,1,,34,80,8,11,,42.6649,21.155519,42.665266,21.156275,,-499730154,
189,Lulishtja,52,13,KolegjiRiinvest_Lulishtja_UCK,0,,,0,55,5,8,,42.665757,21.156447,42.665266,21.156275,,670585519#0,
190,Lulishtja,52,13,KolegjiRiinvest_Lulishtja_FehmiAgani,11,,,11,55,5,8,,42.665757,21.156447,42.665266,21.156275,,670585519#0,
191,Lulishtja,52,13,KolegjiRiinvest_Lulishtja_Tirana,35,,,35,55,5,8,,42.665757,21.156447,42.665266,21.156275,,670585519#0,
192,Lulishtja,50,13,FehmiAgani_Lulishtja_Tirana,30,,,30,100,9,12,,42.664845,21.157338,42.665266,21.156275,,670604344#0,
193,Lulishtja,50,13,FehmiAgani_Lulishtja_KolegjiRiinvest,5,,,5,100,9,12,,42.664845,21.157338,42.665266,21.156275,,670604344#0,
194,Lulishtja,50,13,FehmiAgani_Lulishtja_UCK,4,,,4,100,9,12,,42.664845,21.157338,42.665266,21.156275,,670604344#0,
195,Lulishtja,13,50,Lulishtja_FehmiAgani,,,,0,100,9,12,,42.665266,21.156275,42.664845,21.157338,,627581764#0,
196,Lulishtja,13,51,Lulishtja_UCK,,,,0,100,9,12,,42.665266,21.156275,42.665343,21.15749,,E0,
197,Lulishtja,13,52,Lulishtja_KolegjiRiinvest,,,,0,55,5,8,,42.665266,21.156275,42.665757,21.156447,,627581765#0,
198,Lulishtja,13,53,Lulishtja_Tirana,,,,0,80,8,11,,42.665266,21.156275,42.6649,21.155519,,499730154,
199,BQK,57,14,LuanHaradinaj_BQK_LuanHaradinaj,0,,,0,100,9,12,,42.66053635,21.15850445,42.659776,21.157774,,,
200,BQK,57,14,LuanHaradinaj_BQK_Grandi,11,,,11,100,9,12,,42.66053635,21.15850445,42.659776,21.157774,,591223983,
201,BQK,57,14,LuanHaradinaj_BQK_UkshinHoti,86,,,86,100,9,12,,42.66053635,21.15850445,42.659776,21.157774,,591223983,
202,BQK,57,14,LuanHaradinaj_BQK_Garibaldi,13,,,13,100,9,12,,42.66053635,21.15850445,42.659776,21.157774,,591223983,
203,BQK,55,14,UkshinHoti_BQK_UkshinHoti,0,,,0,110,10,13,,42.65908968,21.15678878,42.659776,21.157774,,732059536#0,
204,BQK,55,14,UkshinHoti_BQK_Garibaldi,24,,,24,110,10,13,,42.65908968,21.15678878,42.659776,21.157774,,732059536#0,
205,BQK,55,14,UkshinHoti_BQK_LuanHaradinaj,106,,4,110,110,10,13,,42.65908968,21.15678878,42.659776,21.157774,,732059536#0,
206,BQK,54,14,Garibaldi_BQK_Garibaldi,0,,,0,90,9,12,,42.660227,21.156896,42.659776,21.157774,,670467991#0,
207,BQK,54,14,Garibaldi_BQK_LuanHaradinaj,10,,,10,90,9,12,,42.660227,21.156896,42.659776,21.157774,,4854727,
208,BQK,54,14,Garibaldi_BQK_Grandi,8,,,8,90,9,12,,42.660227,21.156896,42.659776,21.157774,,670467991#0,
209,BQK,54,14,Garibaldi_BQK_UkshinHoti,15,,,15,90,9,12,,42.660227,21.156896,42.659776,21.157774,,670467991#0,
210,BQK,56,14,Grandi_BQK_Grandi,0,,,0,100,9,12,,42.65950967,21.15889568,42.659776,21.157774,,,
211,BQK,56,14,Grandi_BQK_UkshinHoti,23,,,23,100,9,12,,42.65950967,21.15889568,42.659776,21.157774,,4854727,
212,BQK,56,14,Grandi_BQK_Garibaldi,1,,,1,100,9,12,,42.65950967,21.15889568,42.659776,21.157774,,4854727,
213,BQK,14,54,BQK_Garibaldi,,,,0,90,9,12,,42.659776,21.157774,42.659223,21.157038,,670467986#1,
214,BQK,14,55,BQK_UkshinHoti,,,,0,110,10,13,,42.659776,21.157774,42.659514,21.15933,,591223989#0,
215,BQK,14,56,BQK_Grandi,,,,0,100,9,12,,42.659776,21.157774,42.660504,21.158507,,-4854727,
216,BQK,14,57,BQK_LuanHaradinaj,,,,0,100,9,12,,42.659776,21.157774,42.660227,21.156896,,591223984,
217,Eulexi,60,15,MuharremFejza_Eulexi_MuharremFejza,0,,,0,100,9,12,,42.645724,21.168488,42.646061,21.167466,,,
218,Eulexi,60,15,MuharremFejza_Eulexi_ErnestKoliqi,48,,,48,100,9,12,,42.645724,21.168488,42.646061,21.167466,,741186887,
219,Eulexi,60,15,MuharremFejza_Eulexi_ArbenorEAstritDehari,115,2,,117,100,9,12,,42.645724,21.168488,42.646061,21.167466,,741186887,
220,Eulexi,59,15,ErnestKoliqi_Eulexi_ArbenorEAstritDehari,32,,1,33,100,9,12,,42.645255,21.167021,42.646061,21.167466,,-E0,
221,Eulexi,59,15,ErnestKoliqi_Eulexi_MuharremFejza,38,3,,41,100,9,12,,42.645255,21.167021,42.646061,21.167466,,-E0,
222,Eulexi,58,15,ArbenorEAstritDehari_Eulexi_ArbenorEAstritDehari,2,,,2,200,18,21,,42.646773,21.165358,42.646061,21.167466,,,
223,Eulexi,58,15,ArbenorEAstritDehari_Eulexi_MuharremFejza,92,5,,97,200,18,21,,42.646773,21.165358,42.646061,21.167466,,737505321,
224,Eulexi,58,15,ArbenorEAstritDehari_Eulexi_ErnestKoliqi,32,,1,33,200,18,21,,42.646773,21.165358,42.646061,21.167466,,737505321,
225,Eulexi,15,58,Eulexi_ArbenorEAstritDehari,,,,0,200,18,21,,42.646061,21.167466,42.646773,21.165358,,415628903#0,
226,Eulexi,15,59,Eulexi_ErnestKoliqi,,,,0,100,9,12,,42.646061,21.167466,42.645255,21.167021,,E0,
227,Eulexi,15,60,Eulexi_MuharremFejza,,,,0,100,9,12,,42.646061,21.167466,42.645724,21.168488,,669165857,
228,Menza,2,16,Katedralja_Menza_Katedralja,3,,,3,350,32,35,,42.655576,21.159651,42.654922,21.164106,,732149240#0,
229,Menza,2,16,Katedralja_Menza_MAShTI,82,,1,83,350,32,35,,42.655576,21.159651,42.654922,21.164106,,732149240#0,
230,Menza,2,16,Katedralja_Menza_Qerimi,82,,,82,350,32,35,,42.655576,21.159651,42.654922,21.164106,,732149240#0,
231,Menza,2,16,Katedralja_Menza_Teknik,23,,,23,350,32,35,,42.655576,21.159651,42.654922,21.164106,,732149240#0,
232,Menza,3,16,Teknik_Menza_Teknik,2,,,2,550,50,53,,42.650273,21.16483,42.654922,21.164106,,233495979#1,
233,Menza,3,16,Teknik_Menza_Katedralja,22,,3,25,550,50,53,,42.650273,21.16483,42.654922,21.164106,,233495979#1,
234,Menza,3,16,Teknik_Menza_MAShTI,83,3,4,90,550,50,53,,42.650273,21.16483,42.654922,21.164106,,233495979#1,
235,Menza,3,16,Teknik_Menza_Qerimi,16,,1,17,550,50,53,,42.650273,21.16483,42.654922,21.164106,,233495979#1,
236,Menza,4,16,Qerimi_Menza_Qerimi,0,,,0,300,27,30,,42.654076,21.167687,42.654922,21.164106,,243778675#2,
237,Menza,4,16,Qerimi_Menza_Teknik,16,,,16,300,27,30,,42.654076,21.167687,42.654922,21.164106,,243778675#2,
238,Menza,4,16,Qerimi_Menza_Katedralja,111,,,111,300,27,30,,42.654076,21.167687,42.654922,21.164106,,243778675#2,
239,Menza,4,16,Qerimi_Menza_MAShTI,13,1,1,15,300,27,30,,42.654076,21.167687,42.654922,21.164106,,243778675#2,
240,Menza,6,16,MAShTI_Menza_MAShTI,1,,,1,500,45,48,,42.659137,21.164555,42.654922,21.164106,,,
241,Menza,6,16,MAShTI_Menza_Qerimi,21,,,21,500,45,48,,42.659137,21.164555,42.654922,21.164106,,144928675#0,
242,Menza,6,16,MAShTI_Menza_Teknik,104,1,1,106,500,45,48,,42.659137,21.164555,42.654922,21.164106,,144928675#0,
243,Menza,6,16,MAShTI_Menza_Katedralja,55,,4,59,500,45,48,,42.659137,21.164555,42.654922,21.164106,,144928675#0,
244,Komuna Re,63,17,HotelAdria_KomunaRe_Cacttus,8,,,8,110,10,13,,42.657785,21.14584,42.657069,21.145009,,-300828274#3,
245,Komuna Re,63,17,HotelAdria_KomunaRe_AhmetKrasniqi,75,2,,77,110,10,13,,42.657785,21.14584,42.657069,21.145009,,-300828274#3,
246,Komuna Re,63,17,HotelAdria_KomunaRe_FeridCurri,9,,,9,110,10,13,,42.657785,21.14584,42.657069,21.145009,,-300828274#3,
247,Komuna Re,61,17,AhmetKrasniqi_KomunaRe_FeridCurri,3,,,3,110,10,13,,42.656577,21.143886,42.657069,21.145009,,300828274#2,
248,Komuna Re,61,17,AhmetKrasniqi_KomunaRe_HotelAdria,66,2,,68,110,10,13,,42.656577,21.143886,42.657069,21.145009,,300828274#2,
249,Komuna Re,61,17,AhmetKrasniqi_KomunaRe_Cacttus,32,,,32,110,10,13,,42.656577,21.143886,42.657069,21.145009,,300828274#2,
250,Komuna Re,62,17,Cacttus_KomunaRe_AhmetKrasniqi,29,,,29,75,7,10,,42.656737,21.145785,42.657069,21.145009,,-259076090,
251,Komuna Re,62,17,Cacttus_KomunaRe_FeridCurri,3,,,3,75,7,10,,42.656737,21.145785,42.657069,21.145009,,-259076090,
252,Komuna Re,62,17,Cacttus_KomunaRe_HotelAdria,6,,,6,75,7,10,,42.656737,21.145785,42.657069,21.145009,,-259076090,
253,Komuna Re,64,17,FeridCurri_KomunaRe_HotelAdria,7,,,7,110,10,13,,42.657654,21.144082,42.657069,21.145009,,684682891,
254,Komuna Re,64,17,FeridCurri_KomunaRe_Cacttus,1,,,1,110,10,13,,42.657654,21.144082,42.657069,21.145009,,684682891,
255,Komuna Re,64,17,FeridCurri_KomunaRe_AhmetKrasniqi,4,,,4,110,10,13,,42.657654,21.144082,42.657069,21.145009,,684682891,
256,Komuna Re,17,61,KomunaRe_AhmetKrasniqi,,,,0,110,10,13,,42.657069,21.145009,42.656577,21.143886,,-300828274#2,
257,Komuna Re,17,62,KomunaRe_Cacttus,,,,0,75,7,10,,42.657069,21.145009,42.656737,21.145785,,259076090,
258,Komuna Re,17,63,KomunaRe_HotelAdria,,,,0,110,10,13,,42.657069,21.145009,42.657785,21.14584,,300828274#3,
259,Komuna Re,17,64,KomunaRe_FeridCurri,,,,0,110,10,13,,42.657069,21.145009,42.657654,21.144082,,-684682891,
260,Lakrishte,0,18,BillClinton_Lakrishte_TahirZajmi,243,5,6,254,240,22,25,,42.654261,21.152657,42.65348173,21.14988207,,*,
261,Lakrishte,19,18,TahirZajmi_Lakrishte_BillClinton,228,3,9,240,1600,144,147,,42.648423,21.131436,42.65348173,21.14988207,,*,
262,Tahir Zajmi,18,19,Lakrishte_TahirZajmi_TerminaliDoganor,211,13,12,236,1600,144,147,,42.65348173,21.14988207,42.648423,21.131436,,-E3,
263,Tahir Zajmi,20,19,TerminaliDoganor_TahirZajmi_Lakrishte,274,11,9,294,850,51,54,,42.6509837,21.1412026,42.648423,21.131436,,455549398#0,
264,Terminali Doganor,19,20,TahirZajmi_TerminaliDoganor_TahirZajmi,7,,,7,850,51,54,,42.6509837,21.1412026,42.648423,21.131436,,455549397#0,
265,Terminali Doganor,19,20,TahirZajmi_TerminaliDoganor_DeshmoretEPonoshecit,15,3,,18,850,51,54,,42.6509837,21.1412026,42.648423,21.131436,,455549397#0,
266,Terminali Doganor,19,20,TahirZajmi_TerminaliDoganor_TreguIMadh,227,3,6,236,850,51,54,,42.6509837,21.1412026,42.648423,21.131436,,455549397#0,
267,Terminali Doganor,65,20,DeshmoretEPonoshecit_TerminaliDoganor_TreguIMadh,12,1,,13,100,6,9,,42.647576,21.131857,42.648423,21.131436,,724437592,
268,Terminali Doganor,65,20,DeshmoretEPonoshecit_TerminaliDoganor_TahirZajmi,18,3,,21,100,6,9,,42.647576,21.131857,42.648423,21.131436,,724437592,
269,Terminali Doganor,21,20,TreguIMadh_TerminaliDoganor_TahirZajmi,247,3,7,257,290,18,21,,42.647581,21.128228,42.648423,21.131436,,455679559#0,
270,Terminali Doganor,21,20,TreguIMadh_TerminaliDoganor_DeshmoretEPonoshecit,2,4,,6,290,18,21,,42.647581,21.128228,42.648423,21.131436,,455679559#0,
271,Terminali Doganor,20,65,TerminaliDoganor_DeshmoretEPonoshecit,,,,0,100,6,9,,42.648423,21.131436,42.647576,21.131857,,724437593#1,
272,Tregu I Madh,20,21,TerminaliDoganor_TreguIMadh_TerminaliDoganor,6,,,6,290,18,21,,42.648423,21.131436,42.647581,21.128228,,455549397#3,
273,Tregu I Madh,20,21,TerminaliDoganor_TreguIMadh_KlanKosova,24,1,,25,290,18,21,,42.648423,21.131436,42.647581,21.128228,,455549397#4,
274,Tregu I Madh,20,21,TerminaliDoganor_TreguIMadh_ElezBerisha,210,8,3,221,290,18,21,,42.648423,21.131436,42.647581,21.128228,,455549397#4,
275,Tregu I Madh,66,21,KlanKosova_TreguIMadh_ElezBerisha,27,9,,36,110,7,10,,42.646608,21.128346,42.647581,21.128228,,-678499419#0,
276,Tregu I Madh,66,21,KlanKosova_TreguIMadh_TerminaliDoganor,44,11,,55,110,7,10,,42.646608,21.128346,42.647581,21.128228,,-678499419#0,
277,Tregu I Madh,22,21,ElezBerisha_TreguIMadh_TerminaliDoganor,249,15,7,271,1500,90,93,,42.642754,21.110918,42.647581,21.128228,,741186877,
278,Tregu I Madh,22,21,ElezBerisha_TreguIMadh_KlanKosova,39,4,,43,1500,90,93,,42.642754,21.110918,42.647581,21.128228,,741186877,
279,Tregu I Madh,21,66,TreguIMadh_KlanKosova,,,,0,110,7,10,,42.647581,21.128228,42.646608,21.128346,,678499419#0,
280,Elez Berisha,21,22,TreguIMadh_ElezBerisha_TreguIMadh,6,,,6,1500,90,93,,42.647581,21.128228,42.642754,21.110918,,448670163#1,
281,Elez Berisha,21,22,TreguIMadh_ElezBerisha_Interex,33,,,33,1500,90,93,,42.647581,21.128228,42.642754,21.110918,,448670163#1,
282,Elez Berisha,21,22,TreguIMadh_ElezBerisha_RrugaEUglarit,200,13,7,220,1500,90,93,,42.647581,21.128228,42.642754,21.110918,,448670163#1,
283,Elez Berisha,67,22,Interex_ElezBerisha_RrugaEUglarit,21,2,,23,100,6,9,,42.641906,21.111362,42.642754,21.110918,,-E0,
284,Elez Berisha,67,22,Interex_ElezBerisha_TreguIMadh,19,,,19,100,6,9,,42.641906,21.111362,42.642754,21.110918,,-E0,
285,Elez Berisha,23,22,RrugaEUglarit_ElezBerisha_TreguIMadh,258,11,6,275,400,24,27,,42.641476,21.106527,42.642754,21.110918,,679064305#0,
286,Elez Berisha,23,22,RrugaEUglarit_ElezBerisha_Interex,26,2,,28,400,24,27,,42.641476,21.106527,42.642754,21.110918,,679064305#0,
287,Elez Berisha,22,67,ElezBerisha_Interex,,,,0,100,6,9,,42.642754,21.110918,42.641906,21.111362,,E0,
288,Rruga E Uglarit,22,23,ElezBerisha_RrugaEUglarit_KompleksiLinda3,26,2,,28,400,24,27,,42.642754,21.110918,42.641476,21.106527,,679064299#1,
289,Rruga E Uglarit,22,23,ElezBerisha_RrugaEUglarit_ElezBerisha,48,,,48,400,24,27,,42.642754,21.110918,42.641476,21.106527,,679064299#1,
290,Rruga E Uglarit,22,23,ElezBerisha_RrugaEUglarit_HajrullahZymi,172,9,3,184,400,24,27,,42.642754,21.110918,42.641476,21.106527,,679064299#1,
291,Rruga E Uglarit,68,23,KompleksiLinda3_RrugaEUglarit_HajrullahZymi,22,1,,23,110,7,10,,42.640601,21.107019,42.641476,21.106527,,675515253#2,
292,Rruga E Uglarit,68,23,KompleksiLinda3_RrugaEUglarit_ElezBerisha,13,2,,15,110,7,10,,42.640601,21.107019,42.641476,21.106527,,675515253#2,
293,Rruga E Uglarit,24,23,HajrullahZymi_RrugaEUglarit_ElezBerisha,235,2,7,244,500,30,33,,42.63994,21.101181,42.641476,21.106527,,677610753#0,
294,Rruga E Uglarit,24,23,HajrullahZymi_RrugaEUglarit_KompleksiLinda3,16,2,,18,500,,3,,42.63994,21.101181,42.641476,21.106527,,677610753#0,
295,Rruga E Uglarit,23,68,RrugaEUglarit_KompleksiLinda3,,,,0,110,7,10,,42.641476,21.106527,42.640601,21.107019,,-675515253#2,
296,Hajrullah Zymi,23,24,RrugaEUglarit_HajrullahZymi_RrethiRrugaEPejes,154,8,5,167,500,30,33,,42.641476,21.106527,42.63994,21.101181,,677610756#0,
297,Hajrullah Zymi,23,24,RrugaEUglarit_HajrullahZymi_Dardania,19,,,19,500,30,33,,42.641476,21.106527,42.63994,21.101181,,677610756#0,
298,Hajrullah Zymi,70,24,Dardania_HajrullahZymi_RrugaEUglarit,5,,,5,100,6,9,,42.640798,21.100728,42.63994,21.101181,,-114684739#1,
299,Hajrullah Zymi,70,24,Dardania_HajrullahZymi_RrethiRrugaEPejes,41,,,41,100,6,9,,42.640798,21.100728,42.63994,21.101181,,-114684739#1,
300,Hajrullah Zymi,69,24,RrethiRrugaEPejes_HajrullahZymi_RrethiRrugaEPejes,11,1,,12,700,42,45,,42.63768,21.093363,42.63994,21.101181,,677610754#0,
301,Hajrullah Zymi,69,24,RrethiRrugaEPejes_HajrullahZymi_Dardania,32,3,,35,700,42,45,,42.63768,21.093363,42.63994,21.101181,,677610754#0,
302,Hajrullah Zymi,69,24,RrethiRrugaEPejes_HajrullahZymi_RrugaEUglarit,131,7,5,143,700,42,45,,42.63768,21.093363,42.63994,21.101181,,677610754#0,
303,Hajrullah Zymi,24,69,HajrullahZymi_RrethiRrugaEPejes,,,,0,700,42,45,,42.63994,21.101181,42.63768,21.093363,,721985717,
304,Hajrullah Zymi,24,70,HajrullahZymi_Dardania,,,,0,100,6,9,,42.63994,21.101181,42.640798,21.100728,,114684739#1,
,,,,,,,,,,,,,,,,,,,
,,,,,,,,,,,,,,,,,,,
,,,,,,,,,,,,,,,,,,,
,,,,,,,,,,,,,,,,,,,
,,,,,,,,,,,,,,,,,,,
,,,,,,,,,,,,,,,,,,,
,,,,,,,,,,,,,,,,,,,
,,,,,,,,,,,,,,,,,,,
,,,,,,,,,,,,,,,,,,,
,,,,,,,,,,,,,,,,,,,
,,,,,,,,,,,,,,,,,,,
,,,,,,,,,,,,,,,,,,,
,,,,,,,,,,,,,,,,,,,
,,,,,,,,,,,,,,,,,,,
,,,,,,,,,,,,,,,,,,,
,,,,,,,,,,,,,,,,,,,
,,,,,,,,,,,,,,,,,,,
,,,,,,,,,,,,,,,,,,,
,,,,,,,,,,,,,,,,,,,
,,,,,,,,,,,,,,,,,,,
,,,,,,,,,,,,,,,,,,,
,,,,,,,,,,,,,,,,,,,
,,,,,,,,,,,,,,,,,,,
,,,,,,,,,,,,,,,,,,,
286,,,,,,,,,,,,,,,,,,,